{"step": 8, "block": 2768529, "master": 0, "_timestamp": 1725995873.6750274, "_runtime": 3092.0385372638702, "_step": 6464, "n_failed_sync": 7, "n_success_sync": 0, "loss": NaN, "_wandb": {"runtime": 3095}}