{"step": 7, "block": 2762517, "_timestamp": 1725923740.8699644, "_runtime": 490.9074823856354, "_step": 603, "master": 0, "sync_successes": 0, "sync_failures": 7, "loss": 2.3416268825531006, "total_accumulations": 18}