{"step": 1, "block": 2762550, "_timestamp": 1725924263.4756355, "_runtime": 140.55312752723694, "_step": 81, "master": 0, "sync_successes": 0, "sync_failures": 1, "loss": 1.9807161092758179}