{"step": 1, "block": 2762549, "_timestamp": 1725924110.6653488, "_runtime": 4.864637851715088, "_step": 1, "master": 0}