{"step": 2, "block": 2762421, "_timestamp": 1725922574.796421, "_runtime": 11.367871046066284, "_step": 3, "master": 0, "_wandb": {"runtime": 16}}