{"step": 1, "block": 2767704, "master": 0, "_timestamp": 1725985977.1488986, "_runtime": 3.4226105213165283, "_step": 0}