{"step": 1, "block": 2762325, "_timestamp": 1725921427.2822106, "_runtime": 6.392777681350708, "_step": 1, "master": 0}