{"step": 16, "block": 2767837, "master": 0, "_timestamp": 1725987620.3829825, "_runtime": 1394.2630333900452, "_step": 1240, "loss": 2.2334039211273193, "_wandb": {"runtime": 1401}}