{"step": 1, "block": 2767719, "master": 0, "_timestamp": 1725986151.2520847, "_runtime": 5.745700836181641, "_step": 0, "_wandb": {"runtime": 72}}