{"step": 1, "block": 2762322, "_timestamp": 1725921390.5627513, "_runtime": 6.166226387023926, "_step": 1, "master": 0, "_wandb": {"runtime": 27}}