{"step": 1, "block": 2762325, "_timestamp": 1725921427.3697407, "_runtime": 6.0899317264556885, "_step": 1, "master": 0}