{"step": 23, "block": 2768961, "master": 0, "_timestamp": 1726001131.1004555, "_runtime": 2172.133395433426, "_step": 4020, "n_failed_sync": 23, "n_success_sync": 0, "loss": 3.2204604148864746, "_wandb": {"runtime": 2178}}