{"step": 1, "block": 2762322, "_timestamp": 1725921390.6484177, "_runtime": 6.03026270866394, "_step": 1, "master": 0, "_wandb": {"runtime": 27}}