{"step": 305, "block": 2762983, "_timestamp": 1725929318.2696993, "_runtime": 4562.038154363632, "_step": 3494, "master": 0, "sync_successes": 12, "sync_failures": 29, "loss": 3.162275791168213, "total_accumulations": 69}