{"step": 5, "block": 2769104, "master": 0, "_timestamp": 1726002770.6644921, "_runtime": 1520.8820040225983, "_step": 683, "n_failed_sync": 4, "n_success_sync": 0, "loss": 2.1746206283569336, "_wandb": {"runtime": 1559}}