{"step": 1, "block": 2767707, "master": 0, "_timestamp": 1725986132.1487935, "_runtime": 129.87284755706787, "_step": 50, "loss": 2.300485610961914, "_wandb": {"runtime": 134}}