{"step": 1, "block": 2767719, "master": 0, "_timestamp": 1725986151.1407826, "_runtime": 5.976620674133301, "_step": 0, "_wandb": {"runtime": 72}}