{"step": 21, "block": 2768103, "_timestamp": 1725990761.2502491, "_runtime": 835.6626360416412, "_step": 94, "n_accumulated": 74, "_wandb": {"runtime": 843}}