{"step": 22, "block": 2768965, "_timestamp": 1726001116.8499064, "_runtime": 2150.498196363449, "_step": 93, "n_accumulated": 72, "_wandb": {"runtime": 2171}}