{"step": 6, "block": 2768121, "master": 0, "_timestamp": 1725991010.949403, "_runtime": 1092.6612639427185, "_step": 1436, "n_failed_sync": 6, "n_success_sync": 0, "loss": NaN, "_wandb": {"runtime": 1096}}