{"step": 1, "block": 2768971, "master": 0, "_timestamp": 1726001177.0140905, "_runtime": 4.743783473968506, "_step": 0}