{"step": 1, "block": 2768775, "master": 0, "_timestamp": 1725998824.4151905, "_runtime": 3.59147047996521, "_step": 0, "_wandb": {"runtime": 16}}