{"step": 15, "block": 2768760, "master": 0, "_timestamp": 1725998811.4659905, "_runtime": 1641.5103335380554, "_step": 2504, "n_failed_sync": 15, "n_success_sync": 0, "loss": 3.362454652786255, "_wandb": {"runtime": 1644}}