{"step": 12, "block": 2762437, "_timestamp": 1725922766.6599329, "_runtime": 80.86034274101257, "_step": 23, "master": 0}