{"step": 1, "block": 2767704, "master": 0, "_timestamp": 1725985979.999454, "_runtime": 5.028784990310669, "_step": 0}