{"step": 5, "block": 2762599, "_timestamp": 1725924746.45972, "_runtime": 285.91727590560913, "_step": 243, "master": 0, "sync_successes": 1, "sync_failures": 4, "loss": 0.8892257809638977, "total_accumulations": 4}