{"step": 1, "block": 2762550, "_timestamp": 1725924256.254488, "_runtime": 133.00210189819336, "_step": 77, "master": 0, "sync_successes": 0, "sync_failures": 1, "loss": 2.541266918182373}