{"step": 4, "block": 2768538, "_timestamp": 1725995985.900738, "_runtime": 325.2322609424591, "_step": 14, "n_accumulated": 11, "_wandb": {"runtime": 329}}