{"step": 2, "block": 2762421, "_timestamp": 1725922574.6817813, "_runtime": 11.452450275421143, "_step": 3, "master": 0, "_wandb": {"runtime": 17}}