{"step": 1, "block": 2762562, "_timestamp": 1725924452.63745, "_runtime": 181.336030960083, "_step": 139, "master": 0, "sync_successes": 0, "sync_failures": 1, "loss": 2.086334705352783}