{"step": 1, "block": 2767719, "master": 0, "_timestamp": 1725986150.9076207, "_runtime": 5.567149639129639, "_step": 0, "_wandb": {"runtime": 72}}