{"step": 25, "block": 2768967, "master": 0, "_timestamp": 1726001135.9802136, "_runtime": 2176.6007475852966, "_step": 3949, "n_failed_sync": 24, "n_success_sync": 1, "loss": 1.9764267206192017, "_wandb": {"runtime": 2178}}