{"step": 299, "block": 2762982, "_timestamp": 1725929317.0412593, "_runtime": 4560.914461374283, "_step": 3433, "master": 0, "sync_successes": 12, "sync_failures": 29, "loss": 1.9380794763565063, "total_accumulations": 70}