{"step": 12, "block": 2762437, "_timestamp": 1725922768.290794, "_runtime": 82.20502495765686, "_step": 23, "master": 0}