{"step": 16, "block": 2767837, "master": 0, "_timestamp": 1725987622.5297453, "_runtime": 1396.7988703250885, "_step": 1290, "loss": 1.9168146848678589, "_wandb": {"runtime": 1402}}