{"step": 8, "block": 2767913, "master": 0, "_timestamp": 1725988487.8330045, "_runtime": 365.50235247612, "_step": 290, "n_failed_sync": 1, "n_success_sync": 7, "loss": NaN, "_wandb": {"runtime": 368}}