{"step": 3, "block": 2762575, "_timestamp": 1725924422.6651962, "_runtime": 65.7347002029419, "_step": 2}