{"step": 19, "block": 2768630, "master": 0, "_timestamp": 1725997156.862297, "_runtime": 4375.036148071289, "_step": 8582, "n_failed_sync": 19, "n_success_sync": 0, "loss": 1.896182894706726, "_wandb": {"runtime": 4375}}