{"step": 2, "block": 2762429, "_timestamp": 1725922675.6289349, "_runtime": 10.636635780334473, "_step": 3, "master": 0}