{"step": 1, "block": 2768775, "master": 0, "_timestamp": 1725998826.4948263, "_runtime": 4.944815397262573, "_step": 0}