{"_runtime": 8.210197925567627, "_step": 1, "_timestamp": 1725987769.660363, "block": 2767854, "master": 0, "step": 1}