{"step": 1, "block": 2762325, "_timestamp": 1725921427.4589949, "_runtime": 6.356580972671509, "_step": 1, "master": 0}