{"step": 1, "block": 2767883, "master": 0, "_timestamp": 1725988127.1992528, "_runtime": 5.1337878704071045, "_step": 0}