{"step": 15, "block": 2768760, "master": 0, "_timestamp": 1725998813.6637135, "_runtime": 1643.206556558609, "_step": 2502, "n_failed_sync": 15, "n_success_sync": 0, "loss": 2.362628936767578, "_wandb": {"runtime": 1642}}