{"step": 15, "block": 2768762, "master": 0, "_timestamp": 1725998807.5829113, "_runtime": 1637.1087791919708, "_step": 2429, "n_failed_sync": 15, "n_success_sync": 0, "loss": 3.0904905796051025, "_wandb": {"runtime": 1642}}