{"step": 1, "block": 2768971, "master": 0, "_timestamp": 1726001177.0704832, "_runtime": 4.366207122802734, "_step": 0}