{"step": 1, "block": 2767843, "master": 0, "_timestamp": 1725987640.6544158, "_runtime": 5.3013787269592285, "_step": 0}