{"step": 445, "block": 2762983, "_timestamp": 1725929320.0678647, "_runtime": 4474.096877574921, "_step": 561, "loss_dif": 0.5415481758117675, "pre loss": 3.017190842628479, "post loss": 2.4756426668167113, "total_accumulations": 57}