{"step": 72, "block": 2768495, "_timestamp": 1725995476.7961586, "_runtime": 2596.7157125473022, "_step": 354, "n_accumulated": 283, "_wandb": {"runtime": 2602}}