{"step": 1, "block": 2767704, "master": 0, "_timestamp": 1725985979.6608958, "_runtime": 4.4895758628845215, "_step": 0}