{"step": 5, "block": 2769105, "master": 0, "_timestamp": 1726002786.4028404, "_runtime": 1536.8200132846832, "_step": 683, "n_failed_sync": 4, "n_success_sync": 0, "loss": 1.5284415483474731, "_wandb": {"runtime": 1558}}