{"step": 1, "block": 2767707, "master": 0, "_timestamp": 1725986121.8214417, "_runtime": 120.79696774482727, "_step": 1, "loss_dif": 0.00540862560272215, "pre loss": 2.2725594568252565, "post loss": 2.2671508312225344, "_wandb": {"runtime": 135}}