{"step": 5, "block": 2762599, "_timestamp": 1725924748.155662, "_runtime": 287.3695821762085, "_step": 248, "master": 0, "sync_successes": 1, "sync_failures": 4, "loss": 1.3065762519836426, "total_accumulations": 4}