{"step": 1, "block": 2768775, "master": 0, "_timestamp": 1725998826.9447777, "_runtime": 5.031254768371582, "_step": 0}