{"step": 1, "block": 2762549, "_timestamp": 1725924110.46538, "_runtime": 4.484104871749878, "_step": 1, "master": 0}