{"step": 1, "block": 2762562, "_timestamp": 1725924451.713653, "_runtime": 180.68297505378723, "_step": 152, "master": 0, "sync_successes": 0, "sync_failures": 1, "loss": 2.7524585723876953}