{"step": 2, "block": 2768556, "_timestamp": 1725996217.9419687, "_runtime": 213.13358664512634, "_step": 8, "n_accumulated": 7, "_wandb": {"runtime": 213}}