{"step": 1, "block": 2768969, "master": 0, "_timestamp": 1726001157.0276175, "_runtime": 4.274279356002808, "_step": 0, "_wandb": {"runtime": 11}}