{"step": 1, "block": 2762549, "_timestamp": 1725924109.5600276, "_runtime": 4.14105749130249, "_step": 1, "master": 0}