{"step": 1, "block": 2767843, "master": 0, "_timestamp": 1725987640.5016503, "_runtime": 5.192058324813843, "_step": 0}