{"step": 4, "block": 2769094, "_timestamp": 1726002741.9192574, "_runtime": 1459.5817832946777, "_step": 16, "n_accumulated": 13, "_wandb": {"runtime": 1524}}