{"step": 23, "block": 2768961, "master": 0, "_timestamp": 1726001135.7261791, "_runtime": 2177.004506111145, "_step": 3870, "n_failed_sync": 23, "n_success_sync": 0, "loss": 2.4655368328094482, "_wandb": {"runtime": 2178}}