{"step": 19, "block": 2768630, "master": 0, "_timestamp": 1725997145.3184674, "_runtime": 4363.895980358124, "_step": 225, "loss_dif": 0.10030789375305149, "pre loss": 2.2030699682235717, "post loss": 2.10276207447052, "_wandb": {"runtime": 4375}}