{"step": 1, "block": 2768980, "master": 0, "_timestamp": 1726001282.4378061, "_runtime": 34.4897940158844, "_step": 0, "_wandb": {"runtime": 1558}}