{"step": 1, "block": 2762562, "_timestamp": 1725924451.5168328, "_runtime": 179.9898498058319, "_step": 152, "master": 0, "sync_successes": 0, "sync_failures": 1, "loss": 2.614947557449341}