{"step": 8, "block": 2769106, "master": 0, "_timestamp": 1726002797.8063738, "_runtime": 1549.4000189304352, "_step": 614, "n_failed_sync": 7, "n_success_sync": 0, "loss": 1.7618352174758911, "_wandb": {"runtime": 1559}}