{"step": 1, "block": 2762322, "_timestamp": 1725921390.545683, "_runtime": 5.765751838684082, "_step": 1, "master": 0, "_wandb": {"runtime": 27}}