{"step": 1, "block": 2767707, "master": 0, "_timestamp": 1725986135.5114255, "_runtime": 134.28641438484192, "_step": 50, "loss": 1.3823741674423218, "_wandb": {"runtime": 135}}