{"_runtime": 12.239122152328491, "_step": 1, "_timestamp": 1725987773.524265, "block": 2767854, "master": 0, "step": 1}