{"step": 1, "block": 2767719, "master": 0, "_timestamp": 1725986150.1035342, "_runtime": 5.619196176528931, "_step": 0, "_wandb": {"runtime": 73}}