{"step": 24, "block": 2768967, "master": 0, "_timestamp": 1726001126.651438, "_runtime": 2168.0212268829346, "_step": 93, "loss_dif": 0.03186931848526031, "pre loss": 2.0559608054161074, "post loss": 2.024091486930847, "_wandb": {"runtime": 2178}}