{"step": 1, "block": 2767843, "master": 0, "_timestamp": 1725987642.6630955, "_runtime": 7.010369539260864, "_step": 0}