{"step": 6, "block": 2768121, "master": 0, "_timestamp": 1725991011.7042022, "_runtime": 1094.8707551956177, "_step": 57, "loss_dif": NaN, "pre loss": NaN, "post loss": NaN, "_wandb": {"runtime": 1097}}