{"step": 24, "block": 2768967, "master": 0, "_timestamp": 1726001137.1995788, "_runtime": 2178.259221792221, "_step": 4097, "n_failed_sync": 24, "n_success_sync": 0, "loss": 2.675382375717163, "_wandb": {"runtime": 2178}}