{"step": 1, "block": 2768969, "master": 0, "_timestamp": 1726001159.514974, "_runtime": 5.850343227386475, "_step": 0, "_wandb": {"runtime": 10}}