{"step": 12, "block": 2762600, "_timestamp": 1725924745.12179, "_runtime": 204.49502992630005, "_step": 20, "loss_dif": 0.025398416519164968, "pre loss": 2.4128091812133787, "post loss": 2.3874107646942138, "total_accumulations": 3}