{"step": 1, "block": 2767843, "master": 0, "_timestamp": 1725987641.4832058, "_runtime": 5.4321088790893555, "_step": 0}