{"step": 14, "block": 2768763, "_timestamp": 1725998693.6387887, "_runtime": 1514.3736536502838, "_step": 57, "n_accumulated": 44}