{"step": 1, "block": 2768969, "master": 0, "_timestamp": 1726001158.907259, "_runtime": 5.5692949295043945, "_step": 0, "_wandb": {"runtime": 10}}