{"step": 1, "block": 2762550, "_timestamp": 1725924255.9707315, "_runtime": 133.25782442092896, "_step": 77, "master": 0, "sync_successes": 0, "sync_failures": 1, "loss": 2.4040210247039795}