{"step": 3, "block": 2768123, "_timestamp": 1725991008.2726638, "_runtime": 183.9082338809967, "_step": 9, "n_accumulated": 7, "_wandb": {"runtime": 190}}