{"step": 4, "block": 2768266, "master": 0, "_timestamp": 1725992773.3812234, "_runtime": 418.5604774951935, "_step": 558, "n_failed_sync": 4, "n_success_sync": 0, "loss": NaN, "_wandb": {"runtime": 418}}