{"step": 19, "block": 2768632, "master": 0, "_timestamp": 1725997144.0660262, "_runtime": 4362.230270147324, "_step": 8587, "n_failed_sync": 19, "n_success_sync": 0, "loss": 1.2281895875930786, "_wandb": {"runtime": 4375}}