{"step": 1, "block": 2768971, "master": 0, "_timestamp": 1726001176.4436822, "_runtime": 4.552805185317993, "_step": 0}