{"step": 2, "block": 2768507, "_timestamp": 1725995608.884517, "_runtime": 90.34720706939697, "_step": 1, "_wandb": {"runtime": 104}}