{"step": 1, "block": 2767883, "master": 0, "_timestamp": 1725988125.9357479, "_runtime": 4.149448871612549, "_step": 0}