{"step": 2, "block": 2762429, "_timestamp": 1725922676.5734622, "_runtime": 11.549841165542603, "_step": 3, "master": 0}