{"step": 12, "block": 2768629, "master": 0, "_timestamp": 1725997156.707059, "_runtime": 1272.7034888267517, "_step": 2120, "n_failed_sync": 12, "n_success_sync": 0, "loss": 2.3988828659057617, "_wandb": {"runtime": 1273}}