{"step": 2, "block": 2762429, "_timestamp": 1725922676.7986813, "_runtime": 11.50130033493042, "_step": 3, "master": 0}