{"step": 12, "block": 2762437, "_timestamp": 1725922768.1015842, "_runtime": 81.64372730255127, "_step": 23, "master": 0}