{"step": 1, "block": 2768969, "master": 0, "_timestamp": 1726001159.1381347, "_runtime": 5.940471649169922, "_step": 0, "_wandb": {"runtime": 10}}