{"step": 4, "block": 2768265, "master": 0, "_timestamp": 1725992770.8049788, "_runtime": 416.4647698402405, "_step": 11, "loss_dif": NaN, "pre loss": NaN, "post loss": NaN, "_wandb": {"runtime": 418}}