{"step": 1, "block": 2762549, "_timestamp": 1725924110.4956086, "_runtime": 4.861758470535278, "_step": 1, "master": 0}