{"step": 1, "block": 2767704, "master": 0, "_timestamp": 1725985979.7386649, "_runtime": 4.944881916046143, "_step": 0}