{"step": 16, "block": 2767836, "master": 0, "_timestamp": 1725987622.4506228, "_runtime": 1396.2348268032074, "_step": 1340, "loss": 1.7960313558578491, "_wandb": {"runtime": 1402}}