{"step": 1, "block": 2762562, "_timestamp": 1725924452.6013854, "_runtime": 181.13462328910828, "_step": 146, "master": 0, "sync_successes": 0, "sync_failures": 1, "loss": 2.0093352794647217}