{"step": 1, "block": 2768969, "master": 0, "_timestamp": 1726001158.5603533, "_runtime": 5.586639165878296, "_step": 0, "_wandb": {"runtime": 10}}