{"step": 5, "block": 2762369, "_timestamp": 1725922009.292894, "_runtime": 556.8246428966522, "_step": 649, "master": 0, "sync_failures": 5, "loss": 1.1842248439788818, "total_accumulations": 10, "_wandb": {"runtime": 564}}