{"step": 4, "block": 2768266, "master": 0, "_timestamp": 1725992773.5156176, "_runtime": 418.4627137184143, "_step": 567, "n_failed_sync": 4, "n_success_sync": 0, "loss": NaN, "_wandb": {"runtime": 418}}