{"step": 5, "block": 2762599, "_timestamp": 1725924745.4503295, "_runtime": 284.9771616458893, "_step": 243, "master": 0, "sync_successes": 1, "sync_failures": 4, "loss": 1.438159704208374, "total_accumulations": 4}