{"step": 4, "block": 2768266, "master": 0, "_timestamp": 1725992773.4160054, "_runtime": 417.484370470047, "_step": 484, "n_failed_sync": 4, "n_success_sync": 0, "loss": NaN, "_wandb": {"runtime": 417}}