{"step": 1, "block": 2767707, "master": 0, "_timestamp": 1725986134.1363955, "_runtime": 132.20612835884094, "_step": 50, "loss": 2.8393871784210205, "_wandb": {"runtime": 134}}