{"step": 1, "block": 2762325, "_timestamp": 1725921447.9827456, "_runtime": 27.48570966720581, "_step": 2, "master": 0, "sync_failures": 1}