{"_runtime": 8.823333740234375, "_step": 1, "_timestamp": 1725987770.9217737, "block": 2767854, "master": 0, "step": 1}