{"step": 1, "block": 2767704, "master": 0, "_timestamp": 1725985978.782254, "_runtime": 4.078950881958008, "_step": 0}