{"step": 2, "block": 2762429, "_timestamp": 1725922676.9315422, "_runtime": 11.319676160812378, "_step": 3, "master": 0}