{"step": 302, "block": 2762983, "_timestamp": 1725929320.5645852, "_runtime": 4564.401951313019, "_step": 3411, "master": 0, "sync_successes": 12, "sync_failures": 29, "loss": 2.592984199523926, "total_accumulations": 67}