{"step": 139, "block": 2767842, "_timestamp": 1725987625.709822, "_runtime": 1295.0200159549713, "_step": 189, "n_accumulated": 51, "_wandb": {"runtime": 1296}}