{"step": 6, "block": 2762561, "_timestamp": 1725924254.3049996, "_runtime": 51.941832542419434, "_step": 5}