{"step": 1, "block": 2762325, "_timestamp": 1725921427.4806693, "_runtime": 6.58678936958313, "_step": 1, "master": 0}