{"step": 16, "block": 2767837, "master": 0, "_timestamp": 1725987624.3940835, "_runtime": 1397.829880475998, "_step": 1290, "loss": 1.4654279947280884, "_wandb": {"runtime": 1401}}