{"step": 3, "block": 2768270, "_timestamp": 1725992771.3370707, "_runtime": 317.8588197231293, "_step": 10, "n_accumulated": 8, "_wandb": {"runtime": 320}}