{"step": 15, "block": 2768760, "master": 0, "_timestamp": 1725998812.37798, "_runtime": 1642.888752937317, "_step": 57, "loss_dif": 0.08056803464889528, "pre loss": 2.3106033992767334, "post loss": 2.230035364627838, "_wandb": {"runtime": 1644}}