{"step": 15, "block": 2768760, "master": 0, "_timestamp": 1725998712.9752986, "_runtime": 1542.909452676773, "_step": 2204, "n_failed_sync": 15, "n_success_sync": 0, "loss": 2.9437336921691895, "_wandb": {"runtime": 1552}}