{"step": 1, "block": 2767719, "master": 0, "_timestamp": 1725986151.144301, "_runtime": 6.163364887237549, "_step": 0, "_wandb": {"runtime": 73}}