{"step": 1, "block": 2762550, "_timestamp": 1725924263.6608288, "_runtime": 140.9039647579193, "_step": 79, "master": 0, "sync_successes": 0, "sync_failures": 1, "loss": 2.733738660812378}