{"step": 6, "block": 2768121, "master": 0, "_timestamp": 1725991007.388447, "_runtime": 1090.030117034912, "_step": 1436, "n_failed_sync": 6, "n_success_sync": 0, "loss": NaN, "_wandb": {"runtime": 1097}}