{"step": 12, "block": 2762437, "_timestamp": 1725922768.458419, "_runtime": 82.16978096961975, "_step": 23, "master": 0}