{"step": 6, "block": 2768634, "_timestamp": 1725997146.2330217, "_runtime": 637.7469527721405, "_step": 25, "n_accumulated": 20}