{"step": 3, "block": 2762421, "_timestamp": 1725922580.2006729, "_runtime": 17.289262771606445, "_step": 4, "master": 0, "_wandb": {"runtime": 17}}