{"step": 1, "block": 2767883, "master": 0, "_timestamp": 1725988124.4658446, "_runtime": 3.512983560562134, "_step": 0}