{"step": 16, "block": 2767837, "master": 0, "_timestamp": 1725987626.690958, "_runtime": 1401.6906070709229, "_step": 56, "loss_dif": 5.857699584960937, "pre loss": 8.185577907562255, "post loss": 2.327878322601318, "_wandb": {"runtime": 1402}}