{"step": 1, "block": 2767843, "master": 0, "_timestamp": 1725987641.7503786, "_runtime": 5.23658561706543, "_step": 0}