{"step": 2, "block": 2762421, "_timestamp": 1725922574.748419, "_runtime": 11.386136054992676, "_step": 3, "master": 0, "_wandb": {"runtime": 17}}