{"step": 297, "block": 2762983, "_timestamp": 1725929320.5023944, "_runtime": 4564.577327489853, "_step": 3378, "master": 0, "sync_successes": 12, "sync_failures": 29, "loss": 2.005645751953125, "total_accumulations": 69}