{"step": 1, "block": 2768971, "master": 0, "_timestamp": 1726001177.1419609, "_runtime": 3.8257339000701904, "_step": 0}