{"step": 6, "block": 2768121, "master": 0, "_timestamp": 1725991014.2815783, "_runtime": 1096.2429723739624, "_step": 1407, "n_failed_sync": 6, "n_success_sync": 0, "loss": NaN, "_wandb": {"runtime": 1096}}