{"step": 5, "block": 2769083, "master": 0, "_timestamp": 1726002807.0075948, "_runtime": 1558.1874198913574, "_step": 675, "n_failed_sync": 5, "n_success_sync": 0, "loss": 2.621112108230591, "_wandb": {"runtime": 1559}}