{"step": 6, "block": 2768121, "master": 0, "_timestamp": 1725991009.0835114, "_runtime": 1091.3115384578705, "_step": 1436, "n_failed_sync": 6, "n_success_sync": 0, "loss": NaN, "_wandb": {"runtime": 1096}}