{"step": 1, "block": 2767894, "_timestamp": 1725988277.192197, "_runtime": 41.760842084884644, "_step": 4, "n_accumulated": 4, "_wandb": {"runtime": 254}}