{"step": 7, "block": 2767717, "_timestamp": 1725986125.3322732, "_runtime": 45.30208134651184, "_step": 6, "_wandb": {"runtime": 56}}