{"step": 1, "block": 2767703, "master": 0, "_timestamp": 1725985967.251901, "_runtime": 4.3757219314575195, "_step": 0, "_wandb": {"runtime": 4}}