{"step": 6, "block": 2762599, "_timestamp": 1725924743.780253, "_runtime": 282.97192096710205, "_step": 247, "master": 0, "sync_successes": 2, "sync_failures": 4, "loss": 2.5002636909484863, "total_accumulations": 5}