{"step": 1, "block": 2768775, "master": 0, "_timestamp": 1725998827.2510943, "_runtime": 5.045169353485107, "_step": 0}