{"step": 19, "block": 2768630, "master": 0, "_timestamp": 1725997156.694765, "_runtime": 4373.9667592048645, "_step": 8568, "n_failed_sync": 19, "n_success_sync": 0, "loss": 2.377484083175659, "_wandb": {"runtime": 4374}}