{"step": 1, "block": 2767707, "master": 0, "_timestamp": 1725986132.7632794, "_runtime": 131.37541341781616, "_step": 50, "loss": 2.8424124717712402, "_wandb": {"runtime": 135}}