{"step": 1, "block": 2768971, "master": 0, "_timestamp": 1726001174.6641536, "_runtime": 3.380845546722412, "_step": 0, "_wandb": {"runtime": 70}}