{"_runtime": 9.64960503578186, "_step": 1, "_timestamp": 1725987771.7684531, "block": 2767854, "master": 0, "step": 1}