{"step": 1, "block": 2767865, "_timestamp": 1725987927.95119, "_runtime": 41.7749969959259, "_step": 4, "n_accumulated": 4, "_wandb": {"runtime": 131}}