{"step": 1, "block": 2762322, "_timestamp": 1725921390.8001683, "_runtime": 6.131831169128418, "_step": 1, "master": 0, "_wandb": {"runtime": 27}}