{"_runtime": 9.833818674087524, "_step": 1, "_timestamp": 1725987772.0921836, "block": 2767854, "master": 0, "step": 1}