{"step": 2, "block": 2768577, "_timestamp": 1725996462.7332175, "_runtime": 230.49766159057617, "_step": 8, "n_accumulated": 7}