{"step": 1, "block": 2767883, "master": 0, "_timestamp": 1725988127.158167, "_runtime": 5.196606874465942, "_step": 0}