{"step": 1, "block": 2768775, "master": 0, "_timestamp": 1725998827.0438936, "_runtime": 4.120775461196899, "_step": 0}